{"0.8225035027423269":{"user_id":1},"0.5096550332783294":{"user_id":1},"0.5690920607648409":{"user_id":1},"0.40994783014521796":{"user_id":1}}